{
    "epochs": [
        0,
        5,
        10,
        15,
        20,
        25,
        30,
        35,
        40,
        45,
        50,
        55,
        60,
        65,
        70,
        75,
        80,
        85,
        90,
        95,
        100,
        105,
        110,
        115,
        120,
        125,
        130,
        135,
        140,
        145,
        150,
        155,
        160,
        165,
        170,
        175,
        180,
        185,
        190,
        195,
        200,
        205,
        210,
        215,
        220,
        225,
        230,
        235,
        240,
        245,
        250,
        255,
        260,
        265,
        270,
        275,
        280,
        285,
        290,
        295,
        300,
        305,
        310,
        315,
        320,
        325,
        330,
        335,
        340,
        345,
        350,
        355,
        360,
        365,
        370,
        375,
        380,
        385,
        390,
        395,
        400,
        405,
        410,
        415,
        420,
        425,
        430,
        435
    ],
    "loss": [
        0.16264862725228973,
        0.031182147336728645,
        0.01741148390327439,
        0.014571199052487358,
        0.01342228108621908,
        0.012766658751802011,
        0.012207234899202982,
        0.011524806984446266,
        0.011177359656854109,
        0.010841989522856293,
        0.010592688298360868,
        0.010275881822136316,
        0.010107749198196512,
        0.010097925043241545,
        0.0098696637503577,
        0.009702239721787699,
        0.00959082633595575,
        0.009521728409736446,
        0.009390153809253014,
        0.009327733465893702,
        0.009260417385534807,
        0.00925863946251797,
        0.009107511970355656,
        0.009020093715552128,
        0.00891510323818886,
        0.008810051378201355,
        0.008675006980245764,
        0.00857403992929242,
        0.008477449671111324,
        0.008372367529029196,
        0.008270234292881056,
        0.008157333316789432,
        0.008067960371122215,
        0.0079915172448664,
        0.007932249851750605,
        0.007836358268942797,
        0.0077649165424659395,
        0.007693177258426493,
        0.007636892623409178,
        0.007577422724077196,
        0.007508433014718872,
        0.007442448288202286,
        0.0073868625543334265,
        0.0073301700846941185,
        0.007276508279822089,
        0.007233138365501707,
        0.007166597921627037,
        0.0072002206138814945,
        0.006976686559165969,
        0.006883227957807707,
        0.006775264839895747,
        0.006677336708614321,
        0.00653438793608185,
        0.006435528651557185,
        0.006402308953869523,
        0.006159594254286,
        0.006066190064743612,
        0.005933041063447793,
        0.005841809550695347,
        0.005718087749273488,
        0.0056439333341338415,
        0.005663618106733669,
        0.005557550145595363,
        0.005421075730048346,
        0.005359312604096803,
        0.0053758865335222445,
        0.005274945319714871,
        0.005215803626924753,
        0.005166716676092509,
        0.005074763938671712,
        0.005022752423290954,
        0.004990458417909615,
        0.004947931844402443,
        0.0048843172491725645,
        0.004834315104579384,
        0.004782503428445621,
        0.004730572218470501,
        0.004766349200949524,
        0.00472793382394946,
        0.004612849093973637,
        0.004548701147238414,
        0.004512430422685363,
        0.004486581070743727,
        0.004508422193766543,
        0.004534203545049284,
        0.004565616829715895,
        0.005094231346227003,
        0.005268419485990748
    ],
    "train loss": [
        0.878002256155014,
        0.11988931894302368,
        0.09878820340548243,
        0.05231500629867826,
        0.04486741551331112,
        0.03349208352821214,
        0.029256044221775874,
        0.025158546066709926,
        0.02257965478513922,
        0.020040536299347878,
        0.0179790412741048,
        0.017040142257298743,
        0.016320638624685153,
        0.015540874297065395,
        0.015111772742654597,
        0.014691317986164774,
        0.014461272263101168,
        0.014395996928215027,
        0.013866719656756945,
        0.013629627147955554,
        0.013335485543523515,
        0.01324351956801755,
        0.013054336820329939,
        0.012948997451790742,
        0.012785415697310652,
        0.012588955861117159,
        0.012377100065350533,
        0.01223483947770936,
        0.012185681079115187,
        0.011836448418242591,
        0.011783053167164326,
        0.011816909137581075,
        0.01165103486606053,
        0.011691810829298837,
        0.011418446632368224,
        0.011227942071855068,
        0.011121370297457491,
        0.011159035244158335,
        0.011036769620009832,
        0.011041049180286271,
        0.010841791384986468,
        0.010831925219723157,
        0.01068883721849748,
        0.01063445330198322,
        0.010614475767527307,
        0.010505973095340388,
        0.010408731709633554,
        0.010300115150000368,
        0.010289743010486876,
        0.010273073666862078,
        0.010217447366033281,
        0.010302911512553692,
        0.010295226371714048,
        0.010143131815961428,
        0.010016024245747499,
        0.009940609868083681,
        0.009905362501740456,
        0.009905454303537096,
        0.009818198957613536,
        0.009815031662583351,
        0.009767564811876841,
        0.00979406972016607,
        0.009779818755175387,
        0.009668130693691117,
        0.009646782518497534,
        0.0097001955977508,
        0.00970290627862726,
        0.009541647375694342,
        0.00945763396365302,
        0.009558012309883322,
        0.00944728231323617,
        0.009580698529524463,
        0.009465666221720832,
        0.009423601574131421,
        0.009321911792669977,
        0.009344602136739663,
        0.009284693215574538,
        0.009313211776316166,
        0.009318499293710505,
        0.009271501563489437,
        0.009254282739545618,
        0.009205603705985206,
        0.009219288959034852,
        0.00914687809667417,
        0.009186991224331515,
        0.009109793230891228,
        0.00910680488284145,
        0.009103410079010896,
        0.009117270021566324,
        0.009062567725777626,
        0.009079957913075174,
        0.009047344726111208,
        0.009008268559617656,
        0.009036402617182051,
        0.00900155265948602,
        0.008995758768703257,
        0.008917964595769132,
        0.008908838033676147,
        0.008932756925267833,
        0.008918186516634055,
        0.008926207332738809,
        0.008866052409367902,
        0.008884621118860585,
        0.008888915314206056,
        0.008829958071666104,
        0.008884247525462083,
        0.008842744465385164,
        0.008832066053790706,
        0.008758985703544957,
        0.00874717959335872,
        0.008726350963115692,
        0.008761239504175527,
        0.00867336748966149,
        0.008735094884676593,
        0.008666378312877246,
        0.008675273773925645,
        0.008678747740175043,
        0.00861701781728438,
        0.008597352541983128,
        0.008576712438038417,
        0.008598755512918745,
        0.008559887696589743,
        0.008495183262441839,
        0.008517832096133913,
        0.008432168779628617,
        0.00846804359129497,
        0.00842336578560727,
        0.008444037288427353,
        0.008383625053933688,
        0.008360630433474268,
        0.008355440172765936,
        0.00836833899042436,
        0.00832293342266764,
        0.00827690919062921,
        0.008223667607775756,
        0.008277189385678087,
        0.008224387653172016,
        0.008187280435647284,
        0.008158534233059202,
        0.008105732766645295,
