{
    "epochs": [
        0,
        5
    ],
    "loss": [
        0.01103164402669982,
        0.008906923136428782
    ],
    "train loss": [
        0.011621562531217933,
        0.010044575901702046,
        0.00977927353233099,
        0.009480366948992014,
        0.009434114443138242,
        0.008889852091670036,
        0.009019833523780107
    ]
}